,location_1,location_2,location_3,location_4,location_5
1976-04-27,78.5,59.7,44.7,16.2,63.5
1976-05-10,65.1,60.7,61.6,15.0,65.8
1976-05-18,72.9,67.0,68.6,23.8,64.3
1976-05-25,76.0,70.3,67.6,21.8,44.5
1976-06-02,83.4,79.5,79.8,24.5,57.1
1976-06-16,67.7,71.6,67.5,29.1,57.5
1976-06-18,74.5,63.1,57.4,24.6,44.2
1976-06-23,78.2,64.0,60.3,23.0,36.3
1976-06-28,79.2,65.4,65.9,24.7,36.5
1976-07-19,79.5,67.0,69.6,29.7,51.4
1976-08-05,78.8,64.6,65.1,29.5,46.7
1976-08-25,79.5,65.0,72.3,17.5,41.5
1976-09-23,79.4,76.7,67.8,15.6,37.8
1976-10-22,94.3,72.4,81.1,12.3,39.3
1976-11-17,99.1,83.2,90.4,14.4,39.7
1976-12-04,100.2,77.1,90.5,12.9,39.9
1977-01-14,98.7,80.6,87.9,17.4,41.8
1977-02-01,101.7,81.5,92.5,22.2,47.6
1977-02-16,116.0,84.6,87.4,25.5,46.2
1977-03-08,97.3,81.8,76.4,18.7,43.9
1977-03-21,96.6,80.6,79.2,25.9,51.4
1977-03-29,95.1,83.1,83.1,28.6,56.3
1977-04-05,105.2,87.9,90.3,29.0,68.0
1977-05-26,86.6,72.6,86.3,20.2,38.0
1977-06-17,85.3,70.6,75.8,21.5,48.3
1977-07-08,90.0,72.8,80.1,19.9,46.5
1977-07-15,91.2,69.3,84.5,31.2,52.0
1977-07-29,92.7,90.8,95.9,29.7,51.3
1977-08-10,97.0,95.9,106.4,28.2,52.5
1977-09-07,102.8,95.5,96.1,27.5,51.1
1977-09-22,111.8,95.9,96.3,20.8,43.8
1977-10-20,117.8,113.1,113.8,30.7,48.9
1977-11-25,123.9,98.4,110.3,21.1,48.6
1978-01-14,103.4,93.2,84.4,23.8,46.2
1978-02-12,104.7,83.3,74.9,25.0,42.3
1978-03-14,112.3,93.3,94.4,36.0,56.7
1978-04-08,83.1,68.8,62.2,22.4,57.7
1978-05-10,83.9,66.2,57.0,17.0,48.4
1978-06-08,89.8,56.2,60.7,13.3,28.4
1978-07-07,79.3,45.8,66.4,10.7,36.4
1978-07-28,82.6,53.3,73.4,9.8,41.4
1978-08-22,82.3,62.9,73.9,16.9,41.2
1978-10-11,93.7,74.5,77.7,18.8,39.9
1978-11-22,87.9,71.2,95.6,16.8,42.5
1978-12-06,93.5,79.3,88.5,16.6,46.5
1978-12-31,92.5,73.3,93.1,17.4,46.0
1979-01-30,92.9,74.5,91.5,24.0,49.0
1979-02-27,84.9,62.1,81.2,24.3,53.9
1979-03-26,84.9,73.1,80.0,24.4,65.6
1979-04-24,107.4,82.6,104.8,38.3,65.8
1979-05-30,97.5,66.2,92.4,22.9,60.2
1979-06-25,91.5,72.7,89.0,30.3,47.3
1979-08-02,109.2,85.1,107.6,38.3,55.8
1979-08-23,105.6,86.4,106.0,39.6,62.2
1979-09-20,115.0,91.2,114.1,38.3,61.2
1979-10-25,111.1,87.3,102.5,30.0,56.9
1979-11-23,109.4,83.6,106.7,35.6,58.0
1979-12-20,99.1,83.4,101.4,34.7,63.6
1980-01-15,99.4,75.0,92.5,27.5,63.4
1980-02-22,98.9,77.3,92.6,24.5,63.2
1980-03-14,95.2,76.8,93.8,29.3,71.3
1980-04-11,99.9,67.7,102.5,27.8,72.4
1980-05-23,80.7,63.9,82.5,12.5,73.3
1980-06-20,67.8,56.3,81.4,9.3,54.4
1980-07-21,75.2,65.5,82.1,16.6,52.0
1980-08-14,83.7,72.7,92.5,20.7,46.1
1980-09-17,97.0,77.5,89.1,19.1,46.7
1980-10-15,94.0,74.1,94.5,18.7,48.2
1980-11-26,74.1,65.0,92.6,21.2,56.1
1980-12-27,87.3,64.8,103.3,22.6,55.9
1981-01-23,98.0,66.9,87.1,24.3,57.1
1981-02-24,82.3,62.3,83.7,28.3,56.9
1981-03-26,92.0,74.1,96.7,41.0,69.3
1981-04-30,71.0,64.8,86.0,41.1,84.5
1981-05-28,75.7,62.1,81.1,36.2,67.0
1981-06-29,79.6,66.9,93.3,33.7,65.0
1981-08-02,78.9,60.5,84.3,31.6,67.4
1981-08-25,80.5,63.9,83.1,37.1,72.0
1981-09-23,101.7,83.0,113.2,51.9,74.5
1981-10-17,91.1,74.5,100.8,38.3,74.8
1981-11-27,90.2,75.5,104.5,38.7,77.1
1981-12-22,90.5,74.4,91.9,37.0,77.5
1982-02-03,92.3,80.3,92.4,46.0,80.0
1982-03-09,88.5,72.1,88.1,52.6,87.7
1982-03-28,89.1,69.8,83.1,46.4,83.6
1982-04-26,99.5,78.7,109.4,63.8,92.0
1982-05-25,80.1,68.5,86.6,50.3,85.5
1982-06-30,78.9,65.7,69.4,35.3,77.2
1982-07-25,95.7,70.8,84.3,46.5,71.3
1982-08-16,120.2,89.6,117.8,48.6,64.1
1982-10-08,94.2,71.9,85.3,29.8,63.7
1982-12-06,104.4,81.7,94.3,24.0,67.4
1983-01-21,109.7,91.7,93.7,35.4,65.3
1983-03-24,82.7,69.6,84.9,25.1,68.8
1983-04-23,78.9,71.0,87.2,34.9,76.4
1983-05-31,108.4,86.5,109.3,42.9,79.0
1983-06-16,83.7,70.1,71.0,21.6,77.5
1983-07-27,82.0,63.9,80.1,30.2,67.0
1983-08-24,81.9,68.4,81.1,32.8,68.6
1983-09-16,83.4,69.4,82.4,30.1,69.1
1984-01-18,88.7,67.7,81.6,38.9,66.9
1984-02-16,78.8,73.4,90.6,35.8,68.8
1984-03-19,87.6,76.3,102.9,39.9,72.7
1984-04-16,83.8,67.5,84.1,27.6,67.5
1984-05-15,78.9,59.9,84.3,24.7,68.7
1984-06-13,87.3,70.1,91.5,36.1,74.5
1984-07-19,80.4,62.3,62.8,27.1,63.8
1984-09-04,85.8,65.6,83.5,37.1,69.3
1984-10-24,85.6,78.5,77.2,36.7,67.6
1984-11-20,92.5,73.5,72.4,35.5,67.5
1984-12-20,88.3,70.5,66.1,36.1,72.6
1985-01-08,81.1,73.4,61.5,28.0,66.1
1985-03-01,84.7,78.5,68.7,41.7,68.4
1985-04-04,97.7,87.5,74.3,49.1,83.0
1985-05-01,90.9,70.8,60.1,50.5,73.0
1985-05-30,80.1,63.4,64.9,47.5,68.5
1985-07-05,91.3,65.8,71.8,56.4,71.9
1985-08-04,82.7,59.0,76.4,39.1,70.8
1985-08-29,72.9,64.1,74.3,35.5,65.1
1985-09-08,67.9,61.8,65.3,37.2,56.6
1985-10-07,68.4,72.1,66.9,34.6,61.6
1985-11-15,78.4,60.3,64.7,27.0,58.8
1985-12-10,87.6,62.2,65.9,29.1,62.2
1986-01-02,84.3,62.1,68.7,31.7,64.5
1986-01-26,86.9,63.8,71.1,32.5,68.2
1986-02-28,81.4,68.7,73.3,36.2,78.0
1986-03-28,87.6,68.3,75.6,34.5,69.3
1986-04-23,91.6,71.0,82.8,34.5,71.4
1986-05-24,84.8,70.0,76.7,46.0,77.5
1986-06-26,83.4,72.9,78.3,32.0,68.3
1986-07-31,85.0,97.2,74.3,41.9,73.9
1986-08-17,67.5,74.9,59.7,22.1,52.5
1986-09-12,73.2,69.8,56.0,21.4,58.8
1986-10-17,78.3,68.7,67.0,21.6,61.4
1986-11-11,79.1,64.6,69.2,22.5,54.7
1986-12-03,81.8,58.6,74.2,21.2,58.5
1987-01-01,79.9,58.7,73.5,17.7,57.1
1987-01-31,75.8,58.1,64.3,24.5,63.7
1987-02-26,76.2,68.3,84.5,29.0,59.9
1987-03-30,78.3,68.8,79.8,31.6,63.0
1987-04-24,78.3,77.5,91.5,36.4,63.1
1987-05-28,82.7,64.9,74.1,36.3,66.3
1987-06-25,94.7,67.3,98.9,54.0,69.4
1987-07-29,100.0,74.5,100.6,29.8,52.6
1987-09-03,89.3,77.4,90.1,29.8,57.9
1987-10-02,107.7,83.7,102.8,27.8,56.3
1987-10-30,104.1,94.4,100.7,20.2,46.2
1987-11-27,100.1,76.0,83.7,20.0,57.4
1987-12-23,99.1,78.6,84.2,18.7,52.1
1988-01-25,98.5,86.0,80.3,19.6,47.3
1988-02-23,89.0,69.7,84.8,15.4,51.9
1988-03-21,91.2,81.8,68.5,30.8,57.1
1988-04-20,98.1,87.9,72.6,24.2,45.9
1988-06-11,92.3,75.7,68.2,20.9,45.2
1988-07-10,85.4,68.9,76.3,18.5,37.1
1988-08-04,85.2,72.9,71.7,19.3,44.6
1988-08-31,78.3,69.6,74.7,21.0,35.4
1988-10-05,80.4,72.2,77.7,24.8,42.6
1988-10-27,80.5,71.8,79.1,21.1,34.4
1988-12-01,82.9,73.7,74.6,24.0,41.0
1989-01-10,86.5,64.6,65.6,35.6,40.9
1989-03-07,88.7,72.1,75.9,43.1,54.6
1989-04-05,76.5,71.1,66.0,45.4,44.7
1989-05-03,72.1,68.7,72.0,38.2,68.8
1989-05-29,71.9,68.5,82.7,36.2,59.0
1989-07-01,71.4,67.9,66.4,36.0,59.6
1989-08-16,74.7,53.3,67.6,43.2,60.3
1989-10-10,74.8,56.3,72.2,35.5,63.9
1989-11-29,80.1,65.8,84.6,47.4,67.7
1989-12-29,82.6,64.0,81.6,42.0,69.0
1990-03-14,78.4,66.2,69.2,39.8,65.6
1990-06-13,85.6,74.2,85.2,43.3,79.1
1990-07-22,93.5,86.0,97.8,49.2,83.7
1990-08-31,73.8,65.4,66.6,33.9,58.0
1990-10-04,76.9,63.8,65.1,35.7,57.1
1990-11-05,88.0,72.3,68.6,27.5,53.3
1991-01-17,89.7,68.8,73.3,35.3,62.3
1991-04-27,100.4,66.4,100.1,36.4,71.0
1991-06-08,113.6,83.1,108.6,29.8,65.0
1991-07-20,89.1,73.5,81.6,24.9,59.6
1991-09-11,112.4,100.1,109.1,34.0,46.8
1991-11-15,115.7,96.0,101.8,27.5,48.5
1991-12-22,109.3,87.1,94.2,31.3,45.3
1992-01-21,106.4,89.6,92.4,49.8,48.3
1992-03-11,103.8,84.7,84.0,32.3,53.3
1992-05-15,114.1,95.1,109.1,48.1,63.3
1992-06-24,118.1,94.9,109.1,39.6,64.1
1992-08-31,114.2,85.6,81.2,27.1,53.8
1992-10-14,130.0,94.8,98.4,30.7,49.5
1992-11-03,118.4,82.6,84.0,27.5,43.7
1992-12-11,109.8,78.6,79.4,13.1,32.3
1993-01-11,123.0,79.0,76.0,18.8,46.8
1993-02-11,113.3,85.6,80.0,38.9,52.6
1993-03-15,104.1,85.0,67.9,29.8,46.8
1993-04-09,113.6,84.8,71.9,30.2,35.9
1993-05-03,118.1,90.5,93.6,36.3,60.4
1993-06-04,128.5,103.6,96.1,37.0,58.3
1993-07-03,115.4,101.2,82.3,23.6,45.9
1993-08-10,133.6,95.7,77.2,37.3,44.4
1993-09-18,120.2,93.2,76.0,29.1,48.6
1993-10-16,117.8,88.4,76.5,30.4,46.8
1993-12-01,120.7,95.8,81.8,33.8,54.4
1993-12-30,112.8,104.2,83.9,37.4,53.1
1994-02-25,113.3,93.5,57.7,38.8,74.8
1994-05-19,120.6,100.2,90.2,47.5,80.2
1994-06-21,109.9,82.7,68.1,36.2,71.7
1994-08-16,118.9,97.8,105.8,24.9,59.8
1994-10-14,137.3,114.1,111.3,25.7,54.3
1994-11-16,143.7,109.0,103.8,25.7,49.3
1995-01-02,124.0,98.4,76.2,29.9,58.5
1995-03-06,98.0,80.9,50.0,18.0,51.4
1995-04-04,95.1,81.1,50.8,17.2,61.3
1995-05-25,96.4,80.0,62.9,25.8,48.1
1995-07-03,102.6,77.5,67.1,28.4,42.2
1995-07-29,106.3,80.6,83.7,43.0,38.0
1995-08-30,118.8,88.2,91.3,28.6,35.3
1995-09-27,106.6,68.0,58.4,27.7,31.2
1995-10-27,109.1,72.1,66.0,19.4,33.1
1995-11-26,111.9,78.2,71.1,16.3,32.2
1995-12-29,109.8,82.7,70.0,25.2,37.8
1996-02-18,97.4,82.0,56.1,19.5,34.6
1996-03-18,109.5,90.5,64.7,26.8,42.3
1996-04-25,127.1,100.5,76.9,36.7,47.3
1996-06-01,98.8,91.4,69.9,25.7,38.0
1996-06-30,102.6,89.7,74.1,29.7,36.1
1996-08-16,100.5,89.7,74.2,25.7,34.8
1996-10-27,108.9,83.3,67.4,24.1,34.2
1996-11-27,98.2,82.3,62.7,26.6,34.8
1996-12-31,99.1,83.6,72.5,30.8,40.3
1997-01-25,98.2,81.1,69.3,29.7,42.2
1997-03-03,100.2,88.9,67.4,43.8,49.0
1997-04-03,111.7,95.4,86.2,53.8,62.8
1997-05-15,92.6,51.0,51.5,23.9,41.1
1997-06-28,99.0,60.3,61.2,28.7,50.8
1997-07-30,102.4,59.3,75.1,37.1,53.5
1997-09-04,116.4,89.7,94.9,38.6,53.5
1997-10-05,123.3,95.2,91.7,28.2,53.8
1997-11-15,114.3,86.7,87.3,18.7,43.3
1997-12-15,111.1,84.8,79.2,25.5,41.6
1998-01-14,120.2,87.2,77.4,29.2,45.1
1998-02-13,113.8,87.2,92.9,30.2,53.8
1998-03-29,97.8,73.2,67.3,23.4,49.6
1998-04-26,108.8,76.6,82.5,28.6,63.6
1998-06-14,100.2,75.3,64.7,16.7,53.5
1998-07-19,104.5,82.0,67.7,25.0,48.0
1998-08-26,99.5,72.1,62.4,14.2,33.0
1998-10-01,116.4,71.8,72.1,24.5,38.3
1998-11-03,105.3,73.5,80.1,12.5,46.2
1998-12-05,113.4,79.3,74.1,18.7,49.9
1999-01-02,113.8,84.3,77.7,26.3,48.9
1999-02-05,114.9,80.5,76.2,26.9,47.9
1999-03-05,109.6,81.8,63.1,30.1,50.4
1999-03-27,105.8,78.5,74.6,38.6,53.1
1999-05-01,95.3,61.3,56.1,19.3,37.1
1999-06-05,98.7,67.0,56.4,22.9,40.3
1999-07-08,100.5,68.8,61.3,20.9,47.5
1999-09-16,92.3,60.6,54.9,23.0,41.0
1999-10-28,93.8,60.6,64.3,23.2,42.2
1999-12-07,87.9,61.2,64.7,24.2,46.8
2000-01-11,87.4,62.0,62.7,25.2,48.4
2000-02-11,89.2,69.6,66.5,29.4,38.5
2000-03-27,86.8,64.0,69.5,28.9,48.6
2000-04-28,90.7,68.4,81.3,34.2,47.6
2000-06-17,86.8,75.0,76.9,32.5,58.6
2000-07-25,89.4,71.3,70.1,17.9,51.5
2000-08-27,92.7,73.3,75.7,28.8,51.8
2000-09-28,106.5,73.4,85.9,27.2,45.3
2000-10-27,112.8,74.0,85.7,25.9,47.6
2000-11-24,102.4,74.7,83.0,30.4,55.3
2000-12-31,99.4,76.3,84.6,33.6,54.8
2001-02-03,93.7,68.4,73.5,34.7,50.9
2001-03-11,76.6,58.7,57.6,33.5,52.5
2001-04-09,80.1,55.7,66.2,34.9,63.9
2001-05-11,79.7,61.0,62.9,33.6,65.4
2001-06-10,97.3,63.4,77.8,47.2,57.6
2001-08-04,74.5,53.0,48.9,35.9,43.2
2001-09-08,77.8,51.1,48.5,38.5,42.4
2001-10-07,95.5,56.8,61.8,40.7,42.8
2001-11-26,83.1,52.2,51.7,32.4,42.2
2001-12-30,86.3,45.9,62.9,32.6,48.8
2002-01-23,88.3,50.5,69.2,28.9,57.0
2002-03-09,86.9,56.3,69.0,44.0,59.6
2002-04-26,94.4,64.9,77.8,40.8,62.1
2002-06-06,87.7,61.0,77.1,31.9,55.1
2002-07-27,86.6,58.9,79.1,25.0,46.3
2002-08-25,89.4,53.5,79.7,30.2,38.1
2002-09-29,103.6,56.4,84.7,25.6,43.3
2002-11-02,100.3,65.6,85.6,18.1,42.2
2002-12-14,94.7,69.4,69.1,16.5,47.0
2003-01-17,98.4,70.7,74.3,24.0,49.3
2003-03-16,112.1,75.4,70.0,25.4,53.3
2003-04-25,99.4,63.9,80.1,25.4,60.6
2003-06-01,87.9,58.9,66.7,24.2,49.5
2003-07-10,84.1,69.4,57.9,34.3,60.5
2003-08-10,90.3,67.9,68.0,30.8,50.3
2003-09-09,90.0,69.8,75.2,32.0,49.5
2003-10-14,91.7,69.4,77.0,21.9,50.2
2003-11-03,94.9,75.2,76.5,25.8,50.6
2003-12-12,103.6,69.3,74.6,24.3,45.7
2004-01-14,102.1,75.1,74.5,27.9,50.8
2004-02-19,97.9,77.5,81.0,32.8,57.3
2004-03-19,90.4,70.6,64.3,25.8,61.7
2004-04-16,88.8,76.7,72.1,32.7,56.7
2004-05-23,94.2,79.6,66.3,43.1,51.8
2004-06-18,103.9,84.6,82.9,38.3,53.5
2004-07-21,90.1,70.9,54.3,27.9,45.9
2004-08-22,98.3,74.3,70.0,33.5,45.7
2004-09-22,108.0,82.5,90.5,41.2,45.7
2004-10-30,86.9,67.5,64.0,21.9,41.0
2004-11-30,94.9,63.1,63.8,23.7,43.8
2004-12-20,95.3,66.6,73.0,22.1,48.5
2005-01-13,95.3,64.1,70.9,20.0,39.0
2005-02-10,94.8,66.6,63.7,25.1,44.2
2005-03-09,99.4,75.6,74.7,28.8,46.3
2005-04-07,93.8,61.0,68.2,26.3,48.3
2005-05-13,102.8,72.0,87.1,40.6,58.7
2005-06-20,99.9,70.2,73.7,24.3,53.6
2005-07-21,88.6,55.4,64.6,20.8,48.6
2005-07-22,89.4,55.9,67.8,21.5,48.0
2005-08-21,93.1,60.0,70.4,20.6,47.4
2005-08-23,93.9,62.5,69.9,20.1,48.4
2005-09-19,92.9,62.6,76.2,22.2,48.6
2005-10-05,93.5,66.5,79.2,23.0,45.7
2005-10-18,96.4,65.7,79.8,21.8,43.3
2005-11-02,99.3,61.9,74.5,21.8,43.6
2005-11-17,91.3,64.3,72.0,23.8,50.1
2005-12-12,92.4,62.1,70.5,28.0,47.3
2005-12-15,90.0,62.0,69.5,28.2,52.5
2006-01-13,89.7,65.7,73.5,29.0,47.5
2006-01-30,91.2,62.1,73.1,29.9,52.2
2006-03-02,89.3,67.4,75.2,40.9,56.6
2006-03-30,80.0,65.3,62.5,38.6,65.0
2006-04-12,72.2,61.1,58.9,35.5,60.3
2006-04-27,75.9,59.5,54.5,38.0,62.7
2006-05-23,85.9,61.6,69.9,40.3,70.0
2006-06-27,93.5,62.7,74.9,35.3,57.4
2006-07-28,93.6,67.1,78.6,16.0,44.6
2006-08-24,101.4,73.2,88.3,22.6,54.0
2006-09-13,88.0,65.3,70.1,22.8,49.3
2006-10-11,101.5,67.8,76.5,25.3,53.9
2006-11-06,102.8,65.6,80.6,25.3,54.2
2006-12-05,107.5,72.0,83.9,29.5,57.0
2007-01-05,101.8,75.6,85.2,27.2,54.2
2007-02-02,94.8,73.8,78.8,30.7,57.0
2007-03-05,106.8,79.5,76.4,36.8,56.6
2007-03-20,104.5,81.1,88.1,45.8,70.6
2007-05-14,122.4,89.4,95.0,41.8,62.9
2007-06-12,91.1,60.8,60.7,14.9,46.7
2007-08-01,88.4,56.5,58.3,12.3,44.3
2007-08-30,94.3,59.3,69.7,18.7,41.2
2007-09-28,92.4,62.5,66.6,21.2,48.2
2007-11-12,99.0,70.0,78.0,23.5,46.8
2007-12-09,102.5,68.3,77.8,28.0,56.5
2008-01-24,89.9,63.2,58.2,22.5,60.0
2008-02-21,86.7,67.8,65.7,30.7,60.3
2008-03-20,82.5,74.5,63.8,36.4,60.4
2008-05-06,89.9,74.5,70.5,40.7,72.6
2008-06-06,83.7,65.4,62.6,32.5,55.4
2008-07-04,79.9,61.5,79.3,37.0,67.6
2008-08-01,96.5,63.1,77.0,33.1,66.5
2008-08-26,84.5,69.6,74.1,24.5,52.7
2008-10-03,85.6,70.9,67.6,25.4,47.2
2008-10-30,92.4,69.2,66.6,21.1,48.1
2008-11-27,82.3,70.4,68.5,30.0,57.7
2009-01-09,84.3,76.8,66.7,30.5,56.6
2009-02-12,90.3,68.8,65.7,32.6,64.9
2009-04-09,77.2,60.6,50.2,20.1,66.3
2009-05-07,74.8,58.9,47.6,26.5,70.4
2009-06-05,70.2,55.6,54.4,27.6,57.0
2009-07-01,69.9,49.1,50.6,24.9,57.9
2009-08-20,69.8,59.4,59.3,22.7,51.3
2009-10-07,72.5,66.3,65.9,34.9,58.6
2009-11-04,73.7,60.8,59.8,35.2,52.7
2009-12-04,71.9,56.7,56.7,35.1,52.3
2010-01-18,76.8,59.3,66.8,36.9,57.6
2010-02-02,74.1,58.2,62.3,34.1,52.8
2010-02-16,73.5,66.3,52.0,38.5,54.5
2010-03-02,75.0,57.9,55.5,35.2,57.4
2010-04-16,82.9,72.4,78.6,56.0,70.6
2010-05-28,83.3,59.9,64.4,38.7,53.8
2010-06-15,78.4,52.2,67.0,33.6,59.9
2010-07-13,94.9,69.4,89.1,46.6,56.2
2010-08-11,88.3,65.1,67.0,34.1,48.5
2010-09-10,84.9,67.8,69.1,36.3,53.6
2010-10-07,85.1,76.4,71.4,31.0,50.5
2010-12-07,98.9,75.1,64.6,38.9,60.1
2011-01-18,94.3,69.0,55.3,48.2,65.6
2011-02-15,84.7,69.6,64.9,56.1,74.1
2011-03-17,91.6,73.8,81.4,62.9,78.3
2011-04-18,90.4,64.6,72.6,57.3,80.0
2011-05-19,89.9,66.6,66.8,47.8,74.1
2011-06-14,78.1,58.1,43.4,42.7,65.0
2011-06-18,73.1,58.5,48.2,48.1,62.7
2011-07-13,71.1,52.4,47.2,44.9,66.2
2011-07-26,72.4,45.3,40.3,31.1,52.6
2011-08-11,74.6,48.1,59.9,30.4,64.2
2011-09-12,84.0,50.2,66.4,33.7,61.9
2011-10-26,85.3,51.4,70.7,36.4,60.5
2011-11-22,89.9,60.0,79.9,50.7,64.1
2011-12-14,92.1,55.1,70.6,42.9,63.6
2012-01-11,94.2,59.3,74.3,44.7,65.1
2012-02-08,90.4,58.3,64.4,46.6,69.0
2012-03-06,91.2,60.3,73.7,51.1,72.1
2012-04-04,87.4,59.0,74.6,54.0,72.1
2012-06-03,83.1,61.1,71.6,58.4,80.2
2012-06-12,81.4,45.0,60.1,39.7,65.3
2012-07-02,79.8,51.5,55.2,33.1,63.7
2012-08-03,76.0,44.8,58.5,34.7,68.1
2012-09-17,68.1,43.4,62.2,35.4,65.4
2012-10-18,81.0,46.5,69.4,38.7,66.3
2012-11-15,87.9,52.7,74.7,41.5,65.4
2012-12-14,91.6,57.1,68.9,43.8,64.0
2013-01-30,73.5,48.5,47.6,38.1,62.0
2013-02-27,67.3,42.8,38.7,35.4,62.1
2013-03-27,71.5,48.8,50.5,35.4,67.8
2013-04-24,69.8,48.4,46.5,32.1,71.9
2013-05-22,66.8,42.5,55.3,27.4,75.9
2013-06-26,61.0,44.0,50.2,35.6,57.1
2013-07-24,73.8,52.8,55.8,41.0,60.0
2013-08-21,79.6,60.4,70.2,42.6,69.9
2013-09-19,73.7,50.0,61.7,45.4,57.3
2013-10-18,68.7,55.3,61.9,46.7,65.1
2013-11-20,72.6,52.2,63.6,45.0,66.4
2013-12-12,78.2,50.0,63.8,45.2,69.1
2013-12-16,79.9,49.1,62.2,45.2,67.6
2013-12-18,78.9,49.9,59.7,46.8,66.4
2014-01-10,76.9,52.6,68.1,45.1,71.1
2014-01-16,75.8,52.0,67.4,45.8,67.4
2014-01-24,79.6,55.8,69.6,47.0,68.4
2014-01-29,75.6,51.9,67.3,46.4,66.6
2014-01-30,75.7,51.3,67.5,46.4,65.7
2014-02-07,79.4,52.3,69.9,52.9,73.8
2014-02-12,77.3,53.1,71.3,52.6,75.8
2014-02-20,78.9,52.7,67.4,53.1,72.3
2014-02-27,79.0,56.4,71.7,56.3,71.4
2014-03-04,83.5,56.4,75.0,56.7,73.0
2014-03-12,91.2,62.5,87.9,67.3,77.0
2014-03-18,84.4,60.6,66.4,65.5,74.1
2014-03-25,86.9,60.7,69.3,67.2,76.7
2014-03-28,83.9,62.3,69.7,67.8,75.8
2014-04-01,86.1,64.0,75.0,71.4,79.7
2014-04-10,85.9,57.7,76.9,68.4,81.3
2014-04-14,73.5,48.1,62.3,54.1,73.7
2014-04-24,77.6,50.8,69.7,48.3,73.2
2014-04-29,78.3,52.3,71.1,48.8,73.6
2014-05-07,78.0,52.4,72.5,48.7,73.6
2014-05-13,75.4,54.6,69.4,50.3,72.6
2014-05-22,75.8,61.5,80.3,56.2,72.0
2014-06-04,86.8,59.0,79.9,47.5,66.1
2014-06-12,90.1,56.5,80.5,45.7,68.9
2014-06-17,80.3,56.7,76.2,48.9,70.4
2014-06-24,79.9,68.1,90.8,55.7,67.7
2014-06-27,84.6,66.8,87.1,53.2,68.6
2014-06-30,87.8,68.3,87.7,54.9,69.3
2014-07-08,89.8,73.5,92.4,50.1,69.1
2014-07-14,91.9,71.0,87.1,45.8,70.4
2014-07-18,97.0,75.6,96.7,52.2,67.4
2014-07-19,91.4,65.3,77.0,45.5,66.6
2014-07-21,80.9,56.4,64.9,37.9,57.3
2014-07-22,82.1,58.6,68.0,37.1,56.3
2014-07-23,84.4,58.7,69.3,38.9,56.5
2014-07-25,85.5,60.7,70.2,43.0,58.3
2014-07-28,86.3,60.2,70.2,51.1,61.9
2014-08-01,87.2,60.7,73.5,51.0,58.4
2014-08-05,91.1,60.5,76.5,47.6,63.5
2014-08-09,91.9,63.5,81.3,47.5,63.3
2014-08-11,90.1,63.3,81.9,47.7,64.8
2014-08-14,90.7,63.6,81.8,44.2,62.0
2014-08-20,89.3,60.0,68.9,30.5,47.2
2014-08-25,95.5,63.6,76.2,33.4,50.4
2014-09-07,86.4,55.6,57.0,25.8,48.9
2014-09-12,82.8,53.4,59.4,26.0,46.0
2014-09-19,86.2,53.6,56.0,26.9,48.3
2014-09-25,76.8,60.9,69.2,27.5,48.1
2014-09-29,75.5,61.6,70.4,25.8,48.3
2014-10-03,73.9,63.3,70.1,28.7,50.6
2014-11-10,86.5,59.8,67.4,30.1,50.1
2014-11-25,92.9,66.0,77.9,33.3,51.0
2014-12-19,88.4,61.5,65.4,28.4,50.1
2015-01-06,94.7,65.5,73.1,30.5,56.9
2015-01-29,90.5,64.5,66.1,31.3,57.3
2015-02-02,82.0,61.0,67.0,28.6,58.8
2015-02-13,89.4,62.2,69.3,33.2,59.9
2015-02-18,92.4,66.6,67.1,35.3,56.0
2015-02-27,93.8,67.2,68.9,34.4,56.9
2015-03-04,93.6,69.8,73.3,35.8,60.2
2015-03-13,90.8,69.8,66.8,45.9,66.5
2015-03-19,92.9,70.2,66.4,44.5,60.4
2015-03-27,95.7,69.4,72.4,48.4,65.5
2015-04-01,97.6,69.5,80.9,53.5,70.0
2015-04-08,96.8,74.2,76.2,46.6,66.9
2015-04-14,86.9,74.1,69.4,42.5,64.6
2015-04-22,80.2,54.4,51.0,16.8,42.3
2015-04-23,79.0,53.3,51.1,15.8,41.8
2015-04-28,84.3,54.1,54.8,17.5,49.5
2015-05-01,86.1,55.4,55.2,15.3,51.6
2015-05-04,92.9,54.5,55.5,18.1,38.6
2015-05-12,88.1,52.3,53.1,19.4,43.3
2015-05-20,87.5,50.9,56.8,19.7,52.4
2015-05-28,87.4,53.5,58.7,21.8,56.5
2015-06-03,89.3,57.6,53.9,18.8,55.0
2015-06-12,88.3,56.3,56.5,17.7,51.5
2015-06-18,88.1,56.9,60.3,21.6,46.0
2015-06-26,88.9,56.0,68.8,21.4,54.4
2015-07-01,97.7,63.3,82.4,32.6,54.6
2015-07-09,98.2,62.7,89.0,25.7,50.6
2015-07-21,100.3,62.7,82.0,13.0,45.5
2015-07-31,104.2,66.5,92.1,25.1,48.6
2015-08-03,103.6,66.4,99.7,24.6,47.4
2015-08-11,109.4,65.3,101.1,19.7,47.4
2015-08-17,108.5,68.1,102.1,24.4,45.5
2015-09-01,102.7,62.5,89.0,13.6,41.7
2015-09-11,107.4,71.7,97.4,18.4,40.6
2015-09-29,97.6,60.9,83.4,12.0,37.4
2015-10-07,103.8,77.0,101.4,16.9,35.5
2015-10-14,116.3,80.4,101.3,17.1,32.4
2015-10-21,125.4,84.1,101.4,17.8,33.6
2015-10-29,116.5,78.9,91.9,17.6,42.0
2015-11-05,114.7,81.5,89.5,12.9,34.3
2015-11-20,122.3,84.1,91.1,16.8,38.0
2015-11-27,112.3,80.9,89.5,15.2,40.8
2015-12-04,114.3,86.3,89.9,19.8,40.9
2015-12-14,117.8,83.3,89.5,25.6,41.1
2016-01-07,110.7,75.4,68.8,20.9,39.8
2016-01-11,105.4,76.3,71.1,20.6,42.7
2016-01-19,112.0,76.4,73.4,24.8,46.2
2016-02-02,117.9,84.4,79.9,35.6,48.7
2016-02-10,115.8,77.4,78.8,31.0,50.3
2016-02-16,118.7,82.7,78.2,36.6,50.3
2016-02-23,109.8,76.3,77.2,31.9,47.5
2016-03-04,116.7,77.0,68.8,43.8,48.1
2016-03-10,117.1,81.8,75.2,42.4,46.9
2016-03-24,101.8,75.8,84.0,33.2,46.6
2016-03-31,108.7,78.4,100.8,33.3,47.5
2016-04-15,119.5,88.0,105.0,36.3,44.6
2016-04-29,125.5,88.5,100.4,32.1,42.7
2016-05-18,133.2,93.2,105.8,46.1,56.8
2016-06-03,113.0,90.0,103.3,34.6,50.4
2016-06-07,77.7,48.9,47.8,10.5,26.2
2016-06-24,74.9,54.0,48.7,11.7,43.5
2016-06-30,81.1,47.9,52.3,11.7,48.2
2016-07-05,82.0,50.0,52.9,11.7,46.1
2016-08-02,83.3,61.8,58.9,13.5,41.2
2016-09-12,97.9,69.5,75.2,18.1,28.1
2016-09-26,93.7,68.5,75.2,21.5,37.7
2016-10-14,94.0,68.6,70.6,21.9,38.2
2016-10-25,85.8,66.1,63.5,23.2,30.7
2016-11-11,93.3,66.9,66.4,22.7,32.2
2016-11-24,95.9,67.8,73.2,26.9,28.6
2016-12-12,95.3,78.4,72.6,27.2,31.4
2017-01-06,100.6,79.7,72.6,29.4,31.0
2017-01-24,93.2,76.6,70.1,29.7,34.0
2017-01-31,96.1,79.4,70.3,30.5,34.6
2017-02-06,102.9,83.1,81.6,33.3,35.9
2017-03-02,103.8,76.5,71.7,31.9,34.8
2017-03-14,87.4,69.6,62.9,19.7,30.8
2017-03-20,96.8,65.9,67.2,24.2,30.5
2017-04-11,98.7,63.7,67.7,25.7,35.5
2017-04-24,103.1,76.8,79.4,33.1,45.0
2017-05-09,97.4,77.9,76.3,37.2,45.5
2017-05-25,105.8,71.1,80.6,35.0,39.9
2017-06-06,104.9,72.1,77.9,41.5,45.1
2017-06-27,105.3,83.4,81.4,42.5,47.1
2017-07-10,114.3,87.0,91.2,50.5,43.4
2017-07-18,120.1,87.9,96.0,51.1,42.8
2017-07-30,110.3,69.7,77.2,34.6,37.0
2017-08-15,112.6,73.9,87.9,39.2,34.9
2017-08-24,98.3,61.6,70.5,28.4,31.3
2017-09-21,89.6,64.6,67.4,29.1,23.1
2017-10-05,97.5,71.6,80.3,28.7,21.3
2017-10-17,112.8,81.2,86.8,26.8,24.2
2017-11-04,102.9,69.0,70.1,22.3,25.9
2017-11-17,111.9,75.5,77.9,23.1,27.2
2017-11-30,121.7,81.6,78.8,31.3,32.8
2018-01-12,123.6,87.5,89.0,35.2,35.6
2018-01-24,106.3,75.2,60.5,26.8,34.6
2018-01-30,102.9,79.2,58.8,27.4,33.4
2018-02-14,113.3,84.7,78.5,36.0,41.3
2018-02-28,114.4,77.2,69.2,28.3,40.4
2018-03-20,115.8,83.6,79.8,43.2,53.7
2018-04-03,111.4,79.4,76.9,29.2,41.2
2018-04-27,114.9,81.4,88.6,35.6,53.6
2018-05-08,122.8,90.6,96.0,41.2,50.8
2018-05-15,112.5,73.9,77.7,26.9,48.7
2018-05-28,115.1,79.6,101.0,29.7,42.5
2018-06-13,119.1,67.7,80.9,16.9,31.4
2018-06-25,117.9,68.7,87.4,24.6,32.3
2018-07-16,115.9,70.1,81.3,13.5,29.7
2018-07-27,116.6,77.8,84.8,22.9,28.9
2018-08-10,124.8,84.5,92.1,24.9,30.8
2018-08-23,119.7,85.7,82.6,21.9,32.8
2018-09-05,113.5,78.0,81.4,12.9,27.2
2018-09-21,127.0,83.5,87.9,13.6,24.4
2018-10-18,123.4,84.3,82.8,13.6,21.0
2018-10-24,126.2,81.8,77.3,15.7,24.3
2018-11-07,121.4,83.5,87.6,17.2,29.7
2018-11-19,127.5,85.7,84.3,18.8,31.2
2018-11-29,121.0,84.0,76.3,19.0,29.5
2018-12-07,123.9,83.2,79.0,16.2,31.2
2018-12-17,122.9,90.3,78.8,19.0,29.6
2019-01-22,128.7,88.1,82.3,26.2,39.9
2019-02-05,129.0,88.3,77.4,28.6,41.8
2019-02-19,121.9,90.2,81.0,33.5,44.3
2019-03-07,117.3,88.2,79.8,29.5,43.9
2019-03-20,121.5,86.3,83.8,33.1,46.0
2019-04-05,115.3,88.3,86.4,34.2,44.6
2019-04-18,131.8,96.3,95.9,45.9,53.7
2019-05-01,120.0,85.5,85.8,39.1,51.8
2019-05-16,112.7,89.2,91.0,43.2,57.4
2019-06-03,105.6,80.3,80.5,29.1,56.7
2019-06-10,102.9,81.1,72.2,24.8,48.6
2019-07-01,114.3,88.0,80.4,23.1,42.6
2019-07-10,121.0,90.3,78.0,26.8,42.6
2019-07-23,131.1,96.0,92.1,40.3,54.4
2019-08-14,128.4,85.8,89.2,28.4,50.3
2019-08-26,118.8,78.7,78.4,14.2,44.4
2019-09-03,120.5,81.8,79.6,15.8,43.6
2019-09-23,125.8,79.4,79.4,12.6,34.7
2019-10-01,127.6,80.8,78.9,12.6,39.4
2019-10-15,121.9,76.6,82.3,12.6,37.5
2019-11-01,127.4,86.6,88.9,13.1,35.6
2019-11-14,126.7,87.5,82.9,13.0,38.9
2019-11-27,127.8,89.3,84.1,13.0,39.6
